QuestName,QuestDescription,QuestTier,STRWeight,MAGWeight,INSWeight,DEXWeight,PowerForClear,FameReward,GoldReward,FamePenalty,GoldPenalty,StateAfterFail,Days,IsQuesting,QuestHint
"""[브루나 항구도시] - 시장 거리의 소란""","""브루나 시장에서 발생한 소매치기 문제를 해결하라.""",4,1.2,1.2,1.1,1.3,750,120,150,30,30,0,1,0,"""눈치 빠르고 민첩한 자가 유리할 것"""
"""[브루나 항구도시] - 항구 창고 경비""","""야간에 물자 창고를 감시하고 경비해야 한다.""",4,1.1,1,1.2,1,800,140,160,20,35,0,1,0,
"""[브루나 항구도시] - 야간 등불 관리""","""항구 거리의 등불을 체크하고 교체""",4,1,1,1.1,1.1,1600,520,540,140,150,0,2,0,
"""[브루나 항구도시] - 길 잃은 어린이 찾기""","""무역선이 정박해있는 항구에서 사라진 아이를 수색하자.""",4,0.8,1,1.2,1.3,2100,350,380,100,110,0,1,0,"""날렵하고 관찰력 있는 자가 적임이다."""
"""[브루나 항구도시] - 항구 창고 정리 정돈""","""무역선의 화물을 정리하고 분류해야 한다.""",4,1.2,1,1,1.2,2850,840,800,290,280,0,2,0,
"""[브루나 항구도시] - 길드 전단지 배포""","""길드원 신규 모집 전단지를 사람들이 많이 다니는 주요 장소에 붙이고 오자.""",4,1,1,1,1.2,3200,480,470,160,150,0,1,0,
"""[브루나 항구도시] - 선박 부두 수리 지원""","""소형 선박들이 정박하는 부두의 수리를 돕자.""",4,1.2,1,1,1.1,3750,1080,1160,320,340,0,2,0,
"""[브루나 항구도시] - 해적 관련 정보 수집""","""최근 항구 인근 해역에서 발견된 수상한 움직임을 조사하자.""",4,1,1.3,1,1,4350,660,640,220,210,0,1,0,"""관찰력과 판단력이 요구됨"""
"""[브루나 항구도시] - 선박 화물 적재""","""수출용 화물을 선박에 빠르게 적재하자.""",4,1.3,1,1,1.2,4900,880,860,320,300,0,1,0,
"""[브루나 항구도시] - 마법 의뢰서 전달""","""길드에서 항구 마법 연구소로 보내는 서신을 전달하라.""",4,1,1.2,1,1.3,5400,970,950,330,310,0,1,0,
"""[엘더윈 수도국] - 마법 정원 청소""","""마법 정령이 어지럽힌 정원을 청소하자.""",4,0.9,1.4,1.2,1,640,100,120,20,30,0,1,0,"""마법적 섬세함이 필요한 작업이다"""
"""[엘더윈 수도국] - 성벽 외곽 쓰레기 정리""","""성벽 외곽의 폐기물들을 분류하고 정리해야 한다.""",4,1.4,1,1.1,1,1400,170,180,60,50,0,1,0,"""폐기물을 나르기 위해선 힘이 장사여야 한다."""
"""[엘더윈 수도국] - 불량 도로 수리 작업""","""상점가 도로의 포장재 수리를 보조하자.""",4,1.3,1,1,1,1430,400,400,110,110,0,2,0,
"""[엘더윈 수도국] - 초보 연금술사 조수 구하기""","""견습 연금술사의 재료 혼합을 도와줄 인력이 필요하다.""",4,1,1.3,1.1,1,1700,460,480,120,140,0,2,0,"""기본적인 마법 지식이 도움이 될 것이다."""
"""[엘더윈 수도국] - 학술 자료 전달""","""마법대학에서 수도원까지 학술 자료를 안전하게 전달하자.""",4,1,1.1,1.2,1.1,2100,350,320,110,100,0,1,0,
"""[엘더윈 수도국] - 수로 청소 작업""","""도심 수로의 쓰레기를 제거하고 깨끗하게 청소하자.""",4,1.3,1,1,1,2250,380,400,120,120,0,1,0,
"""[엘더윈 수도국] - 야간 묘지 순찰""","""묘지 근처의 이상 현상을 감시해야 한다.""",4,1.3,1,1,1,2700,900,860,300,280,0,2,0,"""두려움이 없는 자에게 적합하다."""
"""[엘더윈 수도국] - 화초 물 주기 대행""","""외출 중인 귀족의 정원 내 화초에 물을 주는 의뢰이다.""",4,1,1,1.2,1,3130,460,490,130,140,0,1,0,"""두려움이 없는 자에게 적합하다."""
"""[엘더윈 수도국] - 마법대학 도서관 책 정리""","""엘더윈 수도국 마법대학 도서관의 연구용 고서들을 분류하고 제자리에 놓는 임무이다.""",4,1,1.2,1.2,1,3600,550,520,160,150,0,1,0,"""마법서적에 대한 이해력이 도움이 될 것이다."""
"""[엘더윈 수도국] - 고양이 구조 작업""","""세계수 위에 올라간 귀족의 고양이를 구조하자.""",4,1,1,1,1.3,4200,610,650,180,190,0,1,0,
"""[엘더윈 수도국] - 도시 상수도 점검""","""상수도 기술자를 도와 상수도 노선 점검을 진행하자.""",4,1,1,1.2,1.1,4500,1360,1400,360,410,0,2,0,
"""[엘더윈 수도국] - 잡초 정리 아르바이트""","""텃밭 주변의 잡초 제거 및 토양을 정리하자.""",4,1.1,1,1,1.1,4850,720,720,180,180,0,1,0,
"""[엘더윈 수도국] - 도서 반납 대행 서비스""","""미처 책을 반납하지 못한 가정에 방문하여 반납 도서들을 수거하자.""",4,0.9,1.1,1,1.4,5100,1500,1400,600,560,0,2,0,"""빠름이 곧 생명이다."""
"""[루미엘 숲] - 허브 채집 입무""","""치유 허브를 수확하여 수도원에 공급하라.""",4,1,1.2,1.3,1,700,110,120,30,30,0,1,0,"""자연과 조화를 이루는 감각이 요구된다."""
"""[루미엘 숲] - 고양이 구조 작전""","""나무 꼭대기에 올라간 영물 고양이 구조""",4,1,1.1,1.2,1.3,1550,180,190,40,35,0,1,0,"""균형감각이 요구된다."""
"""[루미엘 숲] - 숲 속의 외래 식물 제거""","""생태계를 해치는 외래종 식물 제거 작업이다.""",4,1.1,1,1.3,1,1600,400,400,30,30,0,2,0,"""세심한 관찰력이 유리할 것이다."""
"""[루미엘 숲] - 정령의 씨앗 심기""","""신성한 정령의 씨앗을 올바른 위치에 심어보자.""",4,1,1.3,1.2,1,2100,290,320,75,85,0,1,0,"""자연과의 교감이 중요하다."""
"""[루미엘 숲] - 숲길 안내자 의뢰""","""길 잃은 연금술사에게 안전한 길을 안내해야 한다.""",4,1,1.2,1.3,1.1,2800,420,450,120,130,0,1,0,"""침착함과 방향 감각이 요구된다."""
"""[루미엘 숲] - 유치원 정령놀이 도우미""","""유치원의 어린 엘프들의 정령놀이를 도와주자.""",4,1,1.2,1.3,1,3500,1020,1100,260,300,0,2,0,"""아이들과 정령에 대한 이해가 필요하다"""
"""[루미엘 숲] - 정령석 표면 정화 작업""","""오염된 정령석의 표면을 정화해야 하는 임무이다.""",4,1,1.2,1.2,1.1,4200,660,690,180,170,0,1,0,"""정령의 기운을 해치지 않도록 주의하라."""
"""[루미엘 숲] - 작은 연못 정화 활동""","""숲 외곽의 오염된 작은 연못을 정화하자.""",4,1,1.5,1.1,1,4900,750,710,190,180,0,1,0,"""높은 마력이 요구된다."""
"""[루미엘 숲] - 정령의 성역 정화 의식 보조""","""오염된 성역에서 정령사들이 치르는 정화 의식을 보조하자.""",4,1,1.3,1.3,1.1,1300,400,360,110,80,0,2,0,"""영적 기류에 민감한 자에게 유리하다."""
"""[제르딘 수도원] - 수도원 의약품 운반""","""수도원의 치료약을 병자촌까지 안전하게 전달하라.""",4,1,1.1,1.2,1.1,800,140,120,30,25,0,1,0,"""무거운 짐보다 책임감이 더 무겁다"""
"""[제르딘 수도원] - 명상 지원 안내인""","""수도원에 방문한 사람들에게 명상 구역을 안내하자.""",4,1,1.1,1.3,1,1250,360,390,65,70,0,2,0,"""친절, 항상 친절이다."""
"""[제르딘 수도원] - 수도원 정원 가꾸기""","""명상 공간으로 사용되는 정원의 잡초들을 제거하고 정원을 가꾸자.""",4,1,1.1,1.1,1,1750,250,250,70,70,0,1,0,
"""[제르딘 수도원] - 성가대 악보 필사""","""손상된 고대 악보를 새로 필사해야 한다.""",4,1,1,1.3,1.1,2025,560,640,120,170,0,2,0,"""빠르고 섬세한 손놀림과 통이 필요하다."""
"""[제르딘 수도원] - 불량 표지판 교체 작업""","""낡은 도로 표지판을 새 것으로 교체해야 한다.""",4,1.2,1,1.1,1,2650,680,700,160,180,0,2,0,"""섬세한 손놀림과 집중력이 필요하다."""
"""[제르딘 수도원] - 수도원 종 보수 작업""","""낡은 종탑의 종을 정비하고 종을 고정하는 밧줄을 교체하는 작업이다.""",4,1.3,1,1.1,1.2,3450,530,520,140,45,0,1,0,"""균형감각과 체력, 세심함이 모두 요구된다."""
"""[제르딘 수도원] - 신성문서 복원 의뢰""","""훼손된 고대 경전의 복원을 보조하는 민감한 작업이다.""",4,1,1.1,1.3,1.3,4250,590,640,140,150,0,1,0,"""정밀한 작업 능력과 오래된 지식에 대한 이해가 필요하다."""
"""[제르딘 수도원] - 묵언 수도자 호위""","""묵언 수행 중인 수도자의 야간 이동을 경호하는 임무이다.""",4,1,1.2,1.4,1.2,5050,750,780,170,185,0,1,0,"""정밀한 시야와 수상한 곳을 예측하는 능력이 요구된다."""
"""[검은 심연 협곡] - 불안한 꿈의 해석""","""마을 주민들의 반복되는 악몽의 원인을 조사하자.""",3,0.9,1.3,1.4,1,5900,1400,1500,420,450,0,2,0,"""환영과 상징을 해석하는 통찰력이 필요하다."""
"""[검은 심연 협곡] - 고대 마력 균열 진압""","""봉인된 금단 마법 균열에서 마력 역류 현상 발생하고 있다. 이 균열을 막아야 한다.""",3,0.9,1.4,1.2,0.8,8700,1300,1300,390,390,0,2,0,"""강력한 마법 저항이 요구된다."""
"""[검은 심연 협곡] - 심연 균열 에너지 차단 임무""","""고대 금단 마법의 잔재가 퍼지는 것을 차단하자.""",3,0.7,1.4,1.3,0.8,8200,1200,1250,360,380,0,2,0,"""마법 전문 인력에게 추천한다."""
"""[브루나 항구도시] - 폐광 내 광석 회수 작업""","""무너진 광산에서 금속을 회수하자.""",3,1.3,1,1.1,1.1,4950,1400,1500,420,450,0,2,0,"""강인함과 정확한 손놀림이 요구된다."""
"""[브루나 항구도시] - 해조류 운반 임무""","""빠르게 부패하는 귀한 해조류를 상인에게 최대한 빨리 가져다주자.""",3,1.1,1,1.1,1.3,4750,1000,1100,300,330,0,1,0,"""속도와 민첩성이 중요하다"""
"""[브루나 항구도시] - 화물선 정박 보조""","""무거운 화물을 적재하며 도킹을 돕는 작업이다.""",3,1.4,0.9,1,1.1,5300,1300,1400,390,420,0,2,0,
"""[브루나 항구도시] - 노마리안 유물 회수 요청""","""수몰 유적에서 고대 유물을 회수하는 의뢰이다.""",3,1.2,1,1.3,1.1,5700,1350,1450,400,430,0,2,0,"""물속에서의 감각과 판단력이 필요하다."""
"""[브루나 항구도시] - 마력 괴수 잔류 에너지 정화""","""퇴치된 괴수의 마력 흔적이 항구를 불안하게 하고 있다. 남아있는 잔류 에너지를 정화하는 임무이다.""",3,1,1.4,1.3,1.1,5900,1400,1450,420,430,0,2,0,"""마력 흐름을 정화할 수 있는 능력이 필요하다."""
"""[브루나 항구도시] - 항구 밀수 감시 지원""","""밀수꾼 활동 증가로 인한 감시 인력 충원이 시급하다.""",3,1.1,1,1.3,1.3,6700,1150,1200,345,360,0,1,0,
"""[브루나 항구도시] - 항만 세관 물류 검열 작업""","""밀반입 물품 단속을 위한 세관 검열 인력을 도와주자.""",3,1.2,1,1.4,1.1,6800,1200,1200,360,360,0,1,0,"""직관과 신속정확한 판단이 중요시된다."""
"""[브루나 항구도시] - 항만 창고 화재 진압 훈련""","""최근 발생하는 연쇄 화재 사건에 대비한 긴급 진압 훈련을 지원하자.""",3,1.4,0.6,1.1,1,7900,1300,1250,390,375,0,2,0,"""팀워크와 긴급 상황 대응력이 관건이다."""
"""[브루나 항구도시] - 항만 수로 밀수 경로 차단""","""밀수꾼들이 사용하는 비밀 경로를 찾아내어 없애버리자.""",3,1.3,0.9,1,1.3,6000,950,950,285,285,0,1,0,"""수중 활동 장비와 빠른 전투력 필요하다."""
"""[브루나 항구도시] - 항구 물류 마차 호위 요청""","""귀중품을 실은 마차를 다른 도시로 안전하게 호위하자.""",3,1.3,0.8,0.9,1.4,7100,1100,1100,360,360,0,1,0,
"""[데스하임 늪지] - 늪지대 유령 생물 퇴치""","""밤마다 나타나는 정체불명의 유령 생물을 퇴치하자.""",3,0.8,1.4,1.1,0.9,8500,1050,1300,320,390,0,2,0,"""정신 저항력과 마법 감응력이 중요하다."""
"""[데스하임 늪지] - 늪지 보급선 실종자 수색""","""늪지대에서 실종된 보급선 병력들을 수색하고 구조하자.""",3,1.2,1.1,1.3,1.2,8000,1000,1250,300,375,0,2,0,"""방향 감각과 수색 능력이 요구된다."""
"""[엘더윈 수도국] - 연금술 재료 배달""","""예민한 마법 재료를 정확한 시간 안에 배달하자.""",3,1,1.3,1.2,1,5100,1200,1250,360,375,0,2,0,"""마법물품에 대한 이해가 있으면 좋다."""
"""[엘더윈 수도국] - 고성 수리 보조""","""낡은 성의 외벽을 수리하는 고된 작업이다.""",3,1.4,9,1,1,5200,1300,1350,390,400,0,2,0,"""강한 체력과 간단한 구조의 이해가 필요하다."""
"""[엘더윈 수도국] - 남부 초원 방목 도우미""","""방목 중인 가축을 보호하며 관리하자.""",3,1.2,1,1.1,1.1,4800,1050,1100,310,320,0,1,0,"""성실함과 관찰력이 필요하다."""
"""[엘더윈 수도국] - 연금술 쓰레기 처리""","""실패한 연금술 실험 부산물의 처리를 하는 위험한 작업이다.""",3,1.1,1.3,1.2,1,5000,1150,1200,340,360,0,1,0,"""반응 물질을 조심해야 한다."""
"""[엘더윈 수도국] - 도심 방역 지원 요청""","""전염병 예방을 위한 방역 활동에 인력이 부족하다. 이를 지원하자.""",3,1,1.2,1.3,1.1,6800,1000,1050,300,315,0,1,0,
"""[엘더윈 수도국] - 도난 마법서 회수 작전""","""도난당한 희귀 마법서를 되찾는 임무이다.""",3,1,1.4,1.3,1.2,6100,1300,1300,390,390,0,2,0,"""마법 감식 능력과 기민한 대응력 필요하다."""
"""[엘더윈 수도국] - 무기고 보안 강화 테스트""","""새로운 보안 시스템 테스트에 협조해줄 인력이 필요하다.""",3,0.8,0.6,1.4,1.3,7600,1100,1050,390,390,0,2,0,"""분석력과 신속한 판단이 중요하다."""
"""[엘더윈 수도국] - 고서 복원 및 마력 분석""","""낡은 고서를 복원하고 마법적 잔흔을 분석하는 작업이다.""",3,0.8,1.3,1.4,0.5,8400,1300,1100,390,330,0,2,0,"""분석력과 신속한 판단이 중요하다."""
"""[엘더윈 수도국] - 불량 마력 수정 회수""","""불안정한 마력 수정이 시중에 유통되고 있어 회수 조치가 필요해보인다.""",3,1,1.3,1.4,1.1,6600,950,1000,300,300,0,2,0,"""마력 감식 능력이 중요하다."""
"""[엘더윈 수도국] - 시가지 배수구 생물 정화 임무""","""하수구 내 기생 생물체들이 수질 오염을 일으켜 정화가 필요하다.""",3,1.3,1,0.8,1,7200,1120,1080,360,310,0,1,0,"""강한 체력이 필요하다."""
"""[카라노스 분화대] - 용암 이글 정찰 및 생태 보고""","""용암 지대에서 목격된 거대 조류에 대한 보고가 필요하다.""",3,0.9,1,1.3,1.3,6800,1100,1100,330,330,0,2,0,
"""[루미엘 숲] - 기묘한 괴조 추적""","""숲에서 정체불명의 새가 출몰하여 불안 조성하고 있다. 새를 추적하자.""",3,1.1,1.1,1.3,1.2,5600,1250,1300,375,400,0,2,0,"""민첩성과 관찰력이 요구된다."""
"""[루미엘 숲] - 숲속 정령 불안 진정""","""불안정한 정령들이 마을 근처에 출몰하여 평화 회복을 요청했다.""",3,1,1.2,1.4,1.1,5050,900,850,330,345,0,1,0,"""정령과의 공감능력이 도움이 된다."""
"""[루미엘 숲] - 숲속 수로 조사 활동""","""숲속 수로에 이상 조짐이 보여 정밀 조사가 필요해보인다.""",3,0.8,1.2,1.4,0.9,6900,1250,1300,375,390,0,2,0,"""자연 감응 능력과 탐색 능력이 유리하다."""
"""[루미엘 숲] - 황혼 숲 경계 강화 임무""","""숲 외곽에서 출몰하는 야생 동물 무리에 대한 경계 강화 작업이다.""",3,1.2,1.1,1,1.3,7200,1250,1300,375,390,0,1,0,"""감각과 반응 속도가 중요하다."""
"""[루미엘 숲] - 황혼 밀렵꾼 소탕 작전""","""신성한 동물을 노리는 밀렵꾼들이 숲에 잠입해 있다. 이들을 소탕하자.""",3,1.3,0.9,0.8,1.3,7400,1250,1200,375,360,0,1,0,"""감각과 반응 속도가 중요하다."""
"""[루미엘 숲] - 숲속 연쇄 독화살 사고 조사""","""독화살로 인한 엘프 수렵대 부상 사건의 배후를 추적하라.""",3,1,1.2,1.1,1.2,6200,1000,900,300,270,0,1,0,
"""[모라스 황무지] - 황무지 야만족 매복지 해체""","""야만족들이 떠난 매복지를 제거하고 진로를 확보해야 한다.""",3,1.4,0.8,1.1,1.2,6900,1050,1050,315,315,0,1,0,
"""[제르딘 수도원] - 마법진 오류 조사""","""연속되는 마법진의 오작동 현상을 조사하라.""",3,1,1.4,1.3,1,5900,1400,1450,420,435,0,2,0,"""민첩성과 관찰력이 요구된다."""
"""[제르딘 수도원] - 수도원 구역 마력 배관 정비""","""마력이 흐르는 배관에 이상이 발생했다. 이를 정비하자.""",3,1,1.4,1.3,1,5650,1350,1450,400,450,0,2,0,"""마법기술에 대한 이해가 필요함"""
"""[제르딘 수도원] - 광신도 포교단 감시""","""위험 사상이 확산되지 않도록 감시 요청이 들어왔다. 광신도들을 철저히 감시하자.""",3,1,1.2,1.4,0.8,5500,1300,1350,390,400,0,2,0,"""설득력과 상황 판단력이 중요하다."""
"""[제르딘 수도원] - 성역 내부 구조 개편 작업""","""오래된 구조물 개편을 위한 구조를 분석하고 보조하자.""",3,1.3,1.1,1.2,1,6500,1100,1150,330,345,0,2,0,"""물리적 강인함과 구조적 이해가 필요하다."""
"""[제르딘 수도원] - 제단 방어 마법 정비 작업""","""고대 제단의 방어 마법 결계를 정비하는 작업이다.""",3,1,1.3,1.2,1.1,7000,10000,1250,300,370,0,1,0,
"""[제르딘 수도원] - 사제단 유물 감식 작업""","""오래된 유물들 중 저주받은 물품 선별 및 감식 요청이 들어왔다.""",3,0.8,1.3,1.4,0.8,8600,1300,1300,390,390,0,2,0,"""마법 감응 능력과 정밀한 통찰력 필수이다."""
"""[제르딘 수도원] - 고대 묘지 침식 조사""","""묘지 지반 침하 및 기이한 에너지 방출의 원인을 파악하자.""",3,0.7,1.3,1.2,0.8,7400,1120,1180,300,360,0,2,0,"""영적 공명에 민감한 감각이 필요하다."""
"""[검은 심연 협곡] - 심연 속 유실된 사제단의 경전 회수""","""깊은 협곡 바닥 근처에서 유실된 고대 경전을 회수해야 한다.""",2,0.7,1.4,1.1,1.2,10800,5100,4800,780,740,0,3,0,"""암흑 마력 저항과 끈기가 요구된다."""
"""[검은 심연 협곡] - 심연의 속삭임 조사 임무""","""봉인된 금단 마법의 흔적에서 들려오는 속삭임의 원인을 규명하라.""",2,0.7,1.3,1.4,0.7,11500,5250,5400,1400,1500,0,3,0,"""강인한 정신력이 요구된다."""
"""[검은 심연 협곡] - 침묵의 협곡 탐사 지원""","""마법사 탐사대의 호위가 까다로워 지원 요청이 들어왔다.""",2,1,1.2,0.8,1,9100,4050,4500,1080,1200,0,3,0,"""정신적 안정성과 팀 협력이 중요하다."""
"""[검은 심연 협곡] - 침묵의 협곡 통신기 설치 작업""","""깊은 협곡 내부에 통신 장치를 설치해야 한다.""",2,1,0.9,1.2,0.9,8200,1200,1350,480,540,0,1,0,
"""[검은 심연 협곡] - 심연 균열 차단 작전""","""협곡 깊숙한 곳에 생긴 마법 균열을 봉인해야 한다.""",2,0.9,1.3,1.1,0.7,11800,3600,5400,1440,2160,0,3,0,"""지속적인 마력 소모에 대비한 마력 회복 수단이 필요하다."""
"""[검은 심연 협곡] - 검은 협곡 경계 임무""","""점점 넓어지는 균열의 외부 경계를 조사하고 보고해야 한다.""",2,0.9,1,1.2,0.9,11100,2400,3200,960,1200,0,2,0,"""이상 현상에 대한 적응력, 침착성이 요구된다."""
"""[브루나 항구도시] - 브루나 항구 방역 작전""","""외래 해양 생물의 알이 선창에 번식 중이다. 긴급 방역이 필요하다.""",2,1.1,0.7,1.2,1.1,9500,1400,1300,560,520,0,1,0,
"""[브루나 항구도시] - 브루나 도크의 보급품 실종 사건 조사""","""해상 길드의 보급품이 정기적으로 사라지고 있다. 이를 조사하자.""",2,1.2,1,1.3,0.7,8600,2900,2800,780,680,0,2,0,
"""[브루나 항구도시] - 항구 선적 목록 위조 조사""","""최근 발생한 위조 서류 사건을 조사하라.""",2,0.7,1,1.4,0.9,8400,2400,2700,960,1080,0,2,0,"""문서 감식과 추리력이 요구된다."""
"""[브루나 항구도시] - 항구의 밀수선 추적 작전""","""항구에 정박한 밀수선을 추적하고 증거를 확보해야 한다.""",2,0.9,0.8,1.2,1.1,8700,2400,2400,960,960,0,2,0,
"""[브루나 항구도시] - 불법 연금술 실험실 조사""","""항구 지하에서 발견된 불법 연금술 작업장을 조사해야 한다.""",2,0.8,1.1,1.3,0.8,8900,2400,2100,960,800,0,2,0,"""강한 화학 물질과 환각 효과에 대한 저항이 필요하다."""
"""[브루나 항구도시] - 야간 항구 도시 밀수 단속 작전""","""야심한 밤 항구 창고에서 벌어지는 밀수 활동을 단속해야 한다.""",2,1.1,0.8,1,1.1,11400,1800,1500,720,600,0,1,0,
"""[데스하임 늪지] - 저주받은 늪지의 해골 기사 처단""","""봉인이 약해져 부활한 언데드 해골 기사를 처단하라""",2,1.5,0.6,1.2,0.9,9200,1500,1400,600,560,0,1,0,"""언데드 기사는 마력이 잘 통하지 않는다."""
"""[데스하임 늪지] - 죽음의 늪 수색 작전""","""실종된 사제팀의 흔적을 찾아야한다.""",2,1.1,0.8,1.3,0.7,9600,3600,3900,1440,1560,0,3,0,"""독성 환경에 대응할 수 있는 장비나 마법이 필요하다."""
"""[데스하임 늪지] - 불타는 늪지 생태 조사""","""최근 발생한 불꽃 정령의 출현 원인을 조사한다.""",2,1.1,1.3,0.8,0.7,9800,3600,3600,1440,1440,0,3,0,"""화염 속성 생물에 대한 지식이 필요하다."""
"""[데스하임 늪지] - 죽음의 늪 진흙괴물 제거 작전""","""습지 깊은 곳에서 나타난 진흙괴물을 처치해야 한다.""",2,1.3,1,0.9,0.8,10800,2800,3200,820,1100,0,2,0,"""무거운 체형의 적에 대한 물리 내성이 필요하다."""
"""[카라노스 분화대] - 지열 불꽃 정령의 폭주 진압""","""마력 균열로 인해 폭주하는 불꽃 정령을 진압하라.""",2,1.4,1.3,1.1,1.2,11400,3200,3400,640,680,0,2,0,"""화염 저항이 필수적이다."""
"""[카라노스 분화대] - 용암 지대 구조 작전""","""실종된 채굴팀을 수색하고 구조하는 임무이다.""",2,0.8,1,1.2,1,8100,1800,1500,900,750,0,1,0,"""고열과 유독 가스에 대비한 장비 필수적이다."""
"""[카라노스 분화대] - 분화대 용족 퇴치 작전""","""화염 용족이 거주지 인근으로 내려오기 시작했다. 이들을 퇴치하자.""",2,1.3,1,0.9,0.8,11400,5400,4800,2160,1920,0,3,0,"""강력한 화염 저항과 근접 전투 능력이 필요하다."""
"""[카라노스 분화대] - 분화대 채굴 현장 호위 의뢰""","""광맥 채굴 도중 발생하는 몬스터 습격을 막아야 한다.""",2,1.2,0.9,1,0.8,11000,1500,1800,600,720,0,1,0,"""돌발 화염 공격에 대비한 방어구가 필요하다."""
"""[카라노스 분화대] - 용암 분출 지대 긴급 정비""","""용암 대분출과 같은 긴급 상황을 대비한 마법 장치의 재정비를 수행해야 한다.""",2,0.7,1.3,1,1,10400,3600,3900,1440,1560,0,3,0,"""고온 환경에서의 정밀 작업 능력이 필요하다."""
"""[카라노스 분화대] - 카라노스 용암 핵 안정화 작업""","""불안정한 마법 장치가 용암 핵을 자극하고 있어 안정화가 시급하다.""",2,1,1.3,1.1,0.8,11600,5400,5100,2160,2040,0,3,0,"""Hint: 고열 저항과 마법 제어 능력이 모두 필요하다."""
"""[루미엘 숲] - 사라진 의술사 수색""","""숲속에서 실종된 드루이드 의술사를 수색하라.""",2,0.9,1.3,1.4,0.9,8100,2500,2700,500,540,0,2,0,"""민첩성과 관찰력이 요구된다."""
"""[루미엘 숲] - 마력 나무 이식""","""죽어가는 마력 나무를 숲 깊은 곳으로 옮기는 작업이다.""",2,0.9,1.3,1.2,1.1,8900,1300,1450,520,580,0,1,0,"""민첩성과 관찰력이 요구된다."""
"""[루미엘 숲] - 정령의 숲 균형 회복 의뢰""","""타락한 정령들로 인해 균형이 무너진 숲을 정화해야 한다.""",2,0.9,1.3,1.1,0.7,8800,2400,3600,960,1440,0,2,0,"""자연 마법 저항력과 신비 감응이 중요하다."""
"""[루미엘 숲] - 정령 계약서 위조범 체포""","""위조된 정령 계약서를 판매한 용의자를 추적하여 체포하라.""",2,0.8,1.2,1.1,0.9,8900,2400,3000,960,1200,0,2,0,"""마력 감식력과 정찰 능력이 중요하다."""
"""[루미엘 숲] - 고대 봉인석 회수 작전""","""숲 깊숙한 곳에 남겨진 봉인석을 회수해야 한다.""",2,0.8,1.3,1.2,0.7,8900,1500,1200,600,480,0,1,0,"""마력 누출에 대한 내성이 필요하다."""
"""[루미엘 숲] - 부패 정령 제압 임무""","""부패한 숲의 정령들을 정화해야 한다.""",2,1,1.3,0.8,0.9,9800,2400,2700,960,1080,0,2,0,"""마법과 물리 공격의 균형이 필요하다."""
"""[루미엘 숲] - 고대 문서 회수 임무""","""아주 오래전 오염된 루미엘 숲을 정화한 마법사의 고대 기록을 회수해야 한다.""",2,0.7,0.7,1.4,1.2,10100,2700,2400,1080,960,0,2,0,"""Hint: 고서 해석 능력과 높은 추리력이 요구된다."""
"""[모라스 황무지] - 고대 유적 구조 지원""","""붕괴 위험이 있는 고대 유적 내 탐사대를 구조해야 한다.""",2,0.8,0.8,1.3,1.3,9800,3200,3000,640,600,0,2,0,"""전투는 발생하지 않을 것이다."""
"""[모라스 황무지] - 황무지 유물 복원 경비 요청""","""고대 유물 복원 중 야만족 습격을 방어하는 임무이다.""",2,1.3,0.8,1,0.7,10300,3600,4800,1440,1920,0,3,0,
"""[모라스 황무지] - 고대 병기 해체 감시 의뢰""","""발견된 병기의 해체 과정에 대한 방해 요소를 제거하자.""",2,1.2,1.1,0.9,0.8,10300,4500,3900,1800,1560,0,3,0,
"""[모라스 황무지] - 황무지에서의 유물 수송 호위""","""복원된 고대 유물을 안전하게 도시로 수송해야 한다.""",2,1.3,0.8,0.9,1,10600,3600,4500,1440,1800,0,3,0,
"""[모라스 황무지] - 황무지 순찰 및 위협 제거""","""폐허 지역에서 활동하는 무법자 집단들을 소탕해야 한다.""",2,1.1,0.8,1,1.1,9400,3600,1400,600,480,0,1,0,"""원거리 전투 기술과 기동력이 요구된다."""
"""[모라스 황무지] - 황무지 지하 유적 조사 지원""","""붕괴 우려가 있는 유적 내부의 마법 반응을 조사해야 한다.""",2,0.8,1.3,1.1,0.8,8700,2400,2100,960,840,0,2,0,"""갑작스러운 붕괴에 대비할 민첩성과 집중력이 필요하다."""
"""[제르딘 수도원] - 사막화 진행 방지 마법의식 보조""","""사막화가 확산 중인 지역에서 자연 정령과의 의식을 보조하는 임무이다.""",2,1,1.4,1.3,1,8700,2700,2500,540,500,0,2,0,
"""[제르딘 수도원] - 신성한 묘역 청결 유지 임무""","""망자의 안식을 위한 주기적 정화 의식을 수행하는 임무이다.""",2,0.9,1.1,1.2,0.8,8600,1500,1200,720,600,0,1,0,
"""[제르딘 수도원] - 수도원 기록 보존 임무""","""낡은 고서들을 정리하고 마법을 통해 보존하는 임무이다.""",2,0.7,1.2,1.3,0.8,8800,1200,1500,480,600,0,2,0,
"""[제르딘 수도원] - 성역 수호자의 시험 통과""","""수도원의 신성 마력을 지키기 위해 시련을 통과해야 한다.""",2,0.9,1.2,1.1,0.8,10100,2700,2400,1080,960,0,2,0,"""정신 집중력과 마법 저항 능력이 중요하다."""
"""[제르딘 수도원] - 마법 생물 이탈 방지 작전""","""봉인을 이탈한 마법 생물들을 다시 포획해야 한다.""",2,0.9,1.2,1.1,0.8,10500,1500,1800,600,720,0,1,0,"""봉인 마법에 대한 이해와 속도감 있는 대응이 필요하다."""
"""[검은 심연 협곡] - 심연 속 유실된 사제단의 경전 회수""","""깊은 협곡 바닥 근처에서 유실된 고대 경전을 회수해야 한다.""",1,0.7,1.4,1.1,1.2,10800,5100,4800,780,740,0,3,0,
"""[검은 심연 협곡] - 협곡 음성 현상 조사""","""협곡 깊은 곳에서 들리는 속삭임의 근원을 조사해야 한다.""",1,0.7,1.2,1.4,0.6,13400,3400,3300,1700,1650,0,2,0,
"""[검은 심연 협곡] - 협곡에서의 암흑 교단 토벌""","""금단의 의식을 준비 중인 암흑 교단 잔당을 제거해야 한다.""",1,1.1,1.2,0.8,0.7,15800,7500,7200,3750,3600,0,3,0,"""어둠 저항과 광역 제압 능력이 유리하다."""
"""[검은 심연 협곡] - 협곡 벽면 조사""","""미지의 유물 흔적이 발견된 절벽을 등반해 조사해야 한다.""",1,1.5,1,0.9,0.6,13400,4200,4800,2100,2400,0,2,0,"""강한 팔힘과 등반 기술이 필수적이다."""
"""[검은 심연 협곡] - 침묵의 협곡 심연 소리 정체 규명""","""협곡 아래에서 들려오는 속삭임의 원인을 밝혀야 한다.""",1,0.8,0.7,1.2,1.1,13400,5000,5000,2500,2500,0,2,0,"""고대 마법에 대한 지식이 필요할 것 같다."""
"""[검은 심연 협곡] - 협곡 낙석 통제 임무""","""잦은 낙석으로 인한 재해를 방지해야 한다.""",1,1.4,0.6,1,0.8,11800,1800,1800,900,900,0,1,0,"""고대 마법에 대한 지식이 필요할 것 같다."""
"""[검은 심연 협곡] - 붕괴 직전의 협곡 다리 수복""","""중요한 보급로인 협곡 다리를 긴급히 수복해야 한다. 다리 붕괴에 주의하자.""",1,9,0.6,1.2,1.5,13200,4000,4100,1950,2000,0,2,0,
"""[검은 심연 협곡] - 절망의 협곡 외부 봉인 점검""","""금단 마법의 봉인이 외부에서 약해졌다는 보고가 있어 점검 및 보강이 필요하다.""",1,0.7,1.2,1.3,0.7,13600,3900,4100,1950,2000,0,2,0,
"""[검은 심연 협곡] - 붕괴된 협곡 다리 수리 지원""","""전략적 연결통로가 붕괴되어 다리를 재건하는 동안의 방어와 구조 지원이 필요하다.""",1,1.3,0.5,1,0.9,15000,4150,3750,1975,1875,0,2,0,
"""[검은 심연 협곡] - 심연 속 괴성 원인 파악""","""협곡 내부에서 정체불명의 괴성이 들리기 시작했다. 원인을 파악해야 한다.""",1,0.9,1.1,0.7,1,14100,1950,2100,1200,1300,0,1,0,"""귀 민감한 사람은 추천하지 않는다."""
"""[브루나 항구도시] - 브루나 밀수선 격퇴 작전""","""새벽에 항구에 몰래 들어오는 밀수선을 격퇴하자.""",1,0.9,0.7,1.3,1.1,11400,2000,1900,1000,900,0,1,0,
"""[브루나 항구도시] - 브루나 창고 폭파 테러 저지""","""야심한 밤에 수상한 인물이 창고 테러를 계획중이라는 첩보가 들어왔다. 이를 저지하자. """,1,1,0.7,1.1,1.2,12400,1800,1950,1000,900,0,2,0,
"""[브루나 항구도시] - 항구도시 야간 경비 강화""","""최근 늘어난 야간 강도 사건에 대응하기 위한 추가 경비 요청이다.""",1,0.9,1,0.8,1.1,11600,1700,1800,850,1000,0,1,0,
"""[브루나 항구도시] - 항구 도심 암살자 처치""","""도시 내의 암시장에서 활개치고 있는 암살자를 처치해야 한다.""",1,1.4,1.1,0.7,0.6,13900,2500,2100,1200,1000,0,1,0,
"""[데스하임 늪지] - 늪지 연기 연구 기록 회수""","""늪지에서 발생하는 연기의 독성 실험을 위해 파견된 연구팀의 기록을 회수해야 한다.""",1,0.8,1.4,0.9,0.7,14800,5100,5400,2550,2700,0,3,0,
"""[데스하임 늪지] - 늪 유령 사냥""","""늪 마을 근처에 출몰한 유령 무리를 정화해야 한다.""",1,0.9,1.3,0.8,0.8,15400,5100,5700,2550,2850,0,3,0,
"""[데스하임 늪지] - 불길한 유산의 회수 작전""","""저주받은 묘지에서 부적을 회수해 고위 사제에게 인계해야 한다.""",1,1.2,1.1,0.9,0.6,14700,5100,6300,2550,3150,0,3,0,"""정화 마법을 사용할 수 있는 사람이 필요하다."""
"""[데스하임 늪지] - 늪지 거머리 괴수 제거 작전""","""이례적으로 거대화된 괴수 개체를 퇴치해야 한다.""",1,1.3,0.8,0.7,1,14100,4800,4400,2400,2200,0,2,0,
"""[데스하임 늪지] - 늪의 수색 구조 임무""","""사라진 정찰대를 늪지 안쪽에서 찾아야 한다.""",1,1.1,0.9,1.1,0.9,11600,1850,1700,900,800,0,1,0,
"""[데스하임 늪지] - 붉은 안개 정화 작전""","""늪지 전역에 퍼진 붉은 안개의 원인을 정화해야 한다.""",1,1,1.5,1.1,0.6,15000,7200,7200,3600,3600,0,3,0,"""신성 마법이 매우 효과적이다."""
"""[데스하임 늪지] - 늪 속 봉인 장치 재가동""","""고대 마력 봉인 장치를 다시 작동시켜야 한다.""",1,0.8,1.3,0.8,1,12600,1900,2000,950,1000,0,1,0,"""봉인 언어 해독 능력이 필요하다."""
"""[데스하임 늪지] - 사냥터 정화 요청""","""독성 안개가 진해진 구역의 야영지를 정화하고 안전지대로 확보해야 한다.""",1,0.8,1.3,1,0.6,16600,2500,2490,1250,1245,0,1,0,"""정화 마법 도구와 독 저항이 중요하다."""
"""[데스하임 늪지] - 저주받은 사제단 소탕 작전""","""이단 사제들이 늪지로 도주하여 언데드 부활 의식을 시도 중이다. 이들을 완전소탕하라.""",1,0.8,1.3,0.5,1.4,16500,2400,2490,1250,1245,0,1,0,"""저항 마법이 통하지 않을 경우 버텨낼 것인가,피할 것인가?"""
"""[엘더윈 수도국] - 엘더윈 귀족 저택 방어 임무""","""귀족의 저택이 도적단의 목표가 되었다. 침입을 막아야 한다.""",1,1.3,0.9,0.7,1.1,11900,3400,3600,1700,1800,0,2,0,
"""[카라노스 분화대] - 카라노스 수맥 봉인 작전""","""마그마 흐름이 이상해져 봉인 마법의 재시전이 필요하다.""",1,1.2,1.3,0.8,0.7,16200,7500,7200,3750,3600,0,2,0,
"""[카라노스 분화대] - 분화대 고열 지대 생존 테스트""","""정예 훈련단의 생존 테스트 도중 실종자가 발생했다. 구조 및 탈출 유도가 필요하다.""",1,1.4,0.8,0.9,0.7,14500,6200,6100,2550,3000,0,3,0,
"""[카라노스 분화대] - 분화대 지각 흔들림 감시 임무""","""불안정해진 지각을 감시하고 지진 징후를 기록해야 한다.""",1,1,0.9,1.3,0.7,12500,1800,1900,800,900,0,1,0,
"""[카라노스 분화대] - 분화대 연기 확산 분석 임무""","""급격히 확산되는 화산 연기의 원인을 조사하고 시료를 확보해야 한다.""",1,0.7,1.3,1.1,0.9,15200,6300,6900,3100,3200,0,3,0,
"""[카라노스 분화대] - 마그마 터널 봉쇄 작전""","""분화구 아래 새로 형성된 마그마 터널을 봉쇄해야 한다.""",1,1.2,1.1,0.9,0.8,12100,2100,2100,1050,1050,0,1,0,"""내열 장비와 무거운 도구가 필요하다."""
"""[카라노스 분화대] - 불씨 정령 격리 작전""","""통제 불가능한 불씨 정령을 봉인해야 한다.""",1,1,1.3,1.1,0.6,14400,2150,2000,1100,1050,0,1,0,"""정령 약화 마법이 필요하다."""
"""[카라노스 분화대] - 화염 도가니의 유물 수송 작전""","""지열 폭발 지대에서 회수한 고대 유물을 안전지대로 옮기는 임무이다.""",1,1.1,1,0.7,1.4,11600,1750,1700,900,1050,0,1,0,"""빠르게 옮겨야 할까 신중하게 옮겨야 할까?"""
"""[카라노스 분화대] - 용암길 개척단 호위 임무""","""광맥 탐사를 위한 개척단의 초행길을 호위하며 위험 요소를 제거한다.""",1,1.3,0.8,1.2,0.6,14300,4700,4700,2350,2350,0,2,0,"""기습에 대비한 전방 감지 능력이 요구된다."""
"""[카라노스 분화대] - 분화구 중심부 침투 작전""","""붉은 용족의 알이 발견되었다는 정보에 따라 중심부로 침투하여 알을 탈취해야 한다.""",1,1.2,0.6,0.7,1.4,15900,4650,4700,2300,3600,0,2,0,"""내화성 강화와 전술적 퇴각 경로 확보가 필수이다.  """
"""[모라스 황무지] - 황무지 고대 유적 탐사대 구조 및 조사""","""고대 유적이 붕괴되며 내부 탐사대가 실종되었다. 그들을 구조하고 고대 유적 조사를 이어서 진행하자.""",1,1.2,1,1,0.6,13800,3600,3500,1800,1750,0,2,0,
"""[모라스 황무지] - 황무지 추적 작전: 야수의 발자국""","""거대한 이형 생명체의 흔적을 추적하여 서식지를 특정해야 한다.""",1,1,0.8,1.1,0.9,13200,1950,2000,1800,1750,0,1,0,
"""[모라스 황무지] - 버려진 유적의 함정 해제 요청""","""잊혀진 유적에 설치된 고대 함정을 해제하고 내부를 정리해야 한다.""",1,0.8,1.3,1,0.9,11900,2000,1900,1000,950,0,1,0,"""정밀한 손놀림과 기계 구조에 대한 지식이 요구된다."""
"""[모라스 황무지] - 전쟁 유물 탈취 작전""","""야만족이 점령한 옛 전쟁터에서 유물을 탈취해오자.""",1,1.3,0.7,0.8,1,14100,3900,3900,1950,1950,0,2,0,"""정밀한 손놀림과 기계 구조에 대한 지식이 요구된다."""
"""[모라스 황무지] - 전쟁 망령 재봉인""","""옛 전쟁터에서 부활한 망령을 진정시키고, 재봉인시켜야 한다.""",1,0.9,1.3,1.2,0.6,15800,7100,7350,3400,3550,0,3,0,"""망령을 진정시키는데는 민첩함이 생명일 것 같다."""
"""[모라스 황무지] - 고대 전쟁 병기 파괴""","""[모라스 황무지] - 고대 전쟁 병기 파괴""",1,1.2,0.9,1.1,0.7,13900,4400,3900,2100,1800,0,2,0,
"""[모라스 황무지] - 야만족 연합 지휘관 제거""","""야만족을 통합하려는 지휘관의 암살 작전이다. 기밀 유지가 핵심이다.""",1,0.9,0.5,1.1,1.4,15400,7200,6800,3450,3300,0,3,0,"""정확한 타격과 은밀한 접근이 중요하다."""
"""[제르딘 수도원] - 수도원 마력 격류 제어""","""지하 성소에서 마력 격류가 발생하여 봉인이 위태로운 상황이다.""",1,0.6,1.4,1.1,0.7,13500,3400,3600,1700,1800,0,2,0,
"""[검은 심연 협곡] - 속삭이는 그림자의 부름""","""협곡 깊숙한 틈새에서 들려오는 저주받은 속삭임이 정신을 좀먹는다. 의식을 잃은 자들은 다시 돌아오지 못했다.""",0,0.6,1.1,1.4,0.5,16400,2400,2500,1880,1800,0,1,0,"""강인한 정신력을 지닌 자만이 환청에 잠식되지 않고 끝까지 발을 뗄 수 있다."""
"""[검은 심연 협곡] - 깊은 틈새의 유물 회수""","""고대 금단 마법이 깃든 유물이 협곡의 틈 속에서 반응하고 있다. 유물은 민감하며, 함부로 건드리면 안 된다.""",0,0.8,1.3,1,0.6,18100,5200,5200,3380,3120,0,2,0,"""유물의 마력을 제어하려면 육체적 힘보다 정교한 마법 조율이 필요하다."""
"""[검은 심연 협곡] - 암흑굴 파수꾼 격퇴""","""검은 심연 가장 깊은 굴의 수문장, '어둠의 눈'이 깨어났다. 파수꾼은 어둠 속에서 움직이며 순간이동도 한다.""",0,1.4,0.6,0.8,0.8,21800,9300,9600,6000,6200,0,3,0,"""강력한 물리 공격력이 없다면 그림자 속의 존재를 제압할 수 없다."""
"""[검은 심연 협곡] - 봉인의 균열""","""협곡에 잠들어 있던 고대 봉인이 미세하게 흔들리고 있다. 영적인 간섭을 막고 균열을 다시 틀어막아야 한다.""",0,0.6,1.3,1.2,0.6,17100,2500,2500,1625,1625,0,3,0,"""격한 행동보다 세밀한 마법적 감각이 중요하다."""
"""[검은 심연 협곡] - 심연 아래의 진실""","""수백 년간 덮여 있던 암흑의 진실이 드러났다. 비밀은 존재 자체로 재앙을 부른다. 힌트: 진실에 가까워질수록 정신의 혼란은 심해진다. 명료한 사고가 필요한 순간이다.""",0,0.7,1.1,1.2,0.6,19800,5800,6000,3770,3900,0,2,0,"""격한 행동보다 세밀한 마법적 감각이 중요하다."""
"""[검은 심연 협곡] - 그림자의 파편 회수""","""고대 의식의 실패로 생성된 그림자의 파편이 협곡 주변을 부유하고 있다. 수거는 신중하게 이루어져야 한다.""",0,0.5,0.9,1.4,0.8,16050,2500,2400,1625,1560,0,1,0,"""물리적 힘보다는 감각적 통찰이 우선시된다."""
"""[검은 심연 협곡] - 침식된 광신도 처리""","""고대 의식의 실패로 생성된 그림자의 파편이 협곡 주변을 부유하고 있다. 수거는 신중하게 이루어져야 한다.""",0,0.5,0.9,1.4,0.8,17300,5400,5200,3500,3300,0,2,0,"""빠르고 강한 공격이 필요하지만, 순간적인 판단도 놓치지 말아야 한다."""
"""[검은 심연 협곡] - 어둠의 맹세를 파기하라""","""고대 맹약의 제단이 다시 활동을 시작했다. 어둠과 계약한 존재가 다시 소환되고 있다.""",0,0.7,1.3,1.1,0.5,19000,8400,8100,5460,5200,0,3,0,"""어둠과 싸우기 위해선, 그 본질을 이해해야 한다."""
"""[검은 심연 협곡] - 속삭임의 틈 봉쇄""","""협곡 깊은 곳, 봉인되지 않은 틈에서 귓가에 속삭이는 어둠의 존재가 나타났다. 더 늦기 전에 틈을 닫아야 한다.""",0,0.6,1.2,1.3,0.5,21200,6200,6000,4030,3900,0,2,0,"""쉽게 동요하지 않는 강인한 정신이 열쇠다."""
"""[검은 심연 협곡] - 심연 군단의 침공 저지""","""봉인이 해제되며 심연 군단이 협곡을 넘어 퍼져나가고 있다. 이 침공을 저지하지 못하면 대륙 전체가 위험에 처한다.""",0,1.5,0.5,0.8,0.8,22000,6200,6000,6240,6045,0,3,0,"""극단적 전투 상황. 압도적인 힘이 없다면 맞서 싸울 수 없다."""
"""[데스하임 늪지] - 망령의 장막을 걷어라""","""늪지의 중앙에 나타난 거대한 망령의 장막이 주변 생태계를 뒤틀고 있다. 장막을 걷어내고 그 근원을 정화해야 한다.""",0,0.8,1.1,0.9,0.8,16300,2600,2500,1560,1560,0,1,0,
"""[데스하임 늪지] - 저주의 수렁, 빛을 되찾다""","""고대 수도 유적 아래에서 강력한 언데드 군주가 깨어났다. 저주의 원천을 파괴하고 빛을 회복해야 한다.""",0,1.4,0.5,0.9,0.9,21800,9450,9600,5670,5800,0,3,0,"""언데드 군주는 마법 공격이 통하지 않는다."""
"""[데스하임 늪지] - 수면 아래 속삭이는 자들""","""독성 늪지 수면 아래에서 정체불명의 속삭임이 정신을 잠식시킨다. 정령계와 연결된 균열을 닫아야 한다.""",0,0.6,0.9,1.4,0.7,17400,4500,4600,2700,2800,0,2,0,"""속삭임에 현혹되지 않을 강인한 정신력이 요구될 것이다."""
"""[데스하임 늪지] - 잊힌 순례자의 행방""","""수십 년 전 이곳에 들어간 성직자의 기록이 발견되었다. 그가 찾던 ‘영원의 성소’를 밝혀야 한다.""",0,0.7,0.8,1.1,1.1,17400,2750,2850,1710,1760,0,1,0,
"""[데스하임 늪지] - 불길한 수확제""","""죽은 자들을 기리는 ‘늪지의 수확제’ 의식 진행 중 악령들이 현세로 튀어나왔다. 제단을 봉인해야 한다.""",0,1.3,1,0.8,0.7,16700,4800,4900,2460,2500,0,2,0,
"""[데스하임 늪지] - 수액의 정령, 부패의 근원""","""유독한 수액이 자연을 오염시키고 있다. 숨어있는 부패의 정령을 찾아 그 심장을 파괴해야 한다.""",0,1,1.2,0.9,0.7,19500,5550,5400,2800,2700,0,2,0,
"""[데스하임 늪지] - 잠든 영혼의 속삭임""","""고대 전쟁의 영혼들이 늪지에 나타나 이성을 잃은 채 떠돌고 있다. 그들을 안식으로 이끌어야 한다.""",0,0.6,0.8,0.9,1.3,16000,2450,2700,1470,1600,0,1,0,
"""[데스하임 늪지] - 마력 누출 지점 봉인""","""오래된 마법 탑의 붕괴로 마력이 누출되고 있다. 혼돈의 균열을 따라가 중심 지점을 봉인해야 한다.""",0,0.6,1.4,0.7,1.4,21000,6350,6200,3800,3800,0,2,0,
"""[데스하임 늪지] - 탐욕의 무덤""","""검은 안개 속에서 사라진 고대 상단의 금고가 발견되었다. 내부는 탐욕에 사로잡힌 망자의 무덤이 되었다.""",0,0.8,1.2,1.1,0.8,18000,2950,2800,1690,1740,0,1,0,
"""[데스하임 늪지] - 악취의 군주를 쫓아라""","""늪의 깊은 지하에서 끊임없는 썩은 기운이 퍼지고 있다. 이를 다스리는 ‘악취의 군주’를 무너뜨려야 한다.""",0,1.2,1.4,0.8,0.9,20300,9000,8850,5200,5030,0,3,0,"""악취의 군주는 성속성 마법에 약하다는 정보가 있다."""
"""[카라노스 분화대] - 화염의 심장을 깨워라""","""분화대 중심부에 잠든 고대 화염 정령이 깨어나려 한다. 봉인을 다시 강화하지 않으면 이 일대는 불바다가 된다.""",0,0.6,1.4,1,0.8,16100,2500,2500,1600,1600,0,1,0,"""화염정령은 물리 공격에 강하다."""
"""[카라노스 분화대] - 화염 정령 진격 저지""","""분화대 아래에서 암흑에 물든 화염 정령들이 몰려오고 있다. 그들의 행진을 반드시 막아야 한다.""",0,0.7,1.4,0.9,0.9,17500,5400,5400,3400,3400,0,2,0,
"""[카라노스 분화대] - 마그마 심판자의 격노""","""고대 화염룡의 분노가 봉인을 무너뜨리고 있다. 주변 용암이 전염병처럼 확산되며 생태계가 무너지게 될 것이다.""",0,1.1,1.4,0.6,0.7,18900,8700,8700,5400,5400,0,3,0,
"""[카라노스 분화대] - 연기 속의 사라진 부대""","""연기에 휩싸인 채 연락이 두절된 정찰대. 구조와 동시에 근처 화염 골렘을 제압해야 한다.""",0,0.9,1.3,0.8,0.8,16300,2600,2500,1700,1600,0,1,0,"""구조 대상은 동굴 내부에 있다. 빛 속성 마법을 다루는 자가 필요하다."""
"""[카라노스 분화대] - 용암 바다 위의 결투""","""새로운 용족 전사 '잿빛 칼날'이 도전장을 내밀었다. 화염의 투기장 위에서 목숨을 건 전투가 시작된다.""",0,1.4,1,0.5,0.6,17900,5400,5700,3360,3700,0,2,0,
"""[카라노스 분화대] - 마그마 골렘 핵 제거 작전""","""마그마 골렘이 용암 강을 막고 있다. 중심부의 마법 핵을 정확히 제거하지 않으면 도시 전체가 위험하다""",0,0.5,1.2,1,1.4,16700,2600,2600,1560,1560,0,1,0,"""빠른 속도가 생명이다."""
"""[카라노스 분화대] - 붉은 재앙의 전조""","""거대한 용암 틈에서 정체불명의 생물이 나타나고 있다. 이 존재는 과거 대재앙의 시작과 관련이 있다는 정보가 있다. 생물들을 모두 처치하여 재앙을 사전에 봉쇄하자.""",0,0.7,1.3,1.1,0.8,19300,8700,8400,5100,4900,0,1,0,"""지각 아래에서 활동하는 적으로, 열 감지 마법이 효과적이다."""
"""[카라노스 분화대] - 타오르는 제단의 악몽""","""봉헌된 제단에서 악마의 힘이 깨어나고 있다. 의식을 중단시키지 못하면 봉인된 고대 악마가 해방된다.""",0,0.5,1.2,1.1,1.2,17200,5300,5300,3180,3180,0,2,0,
"""[카라노스 분화대] - 붉은 그림자 제거""","""최근 들어 나타난 정체불명의 화염 암살자가 카라노스 수비대를 하나씩 제거하고 있다. 추적해 제거해야 한다.""",0,1.2,1.1,0.5,1.1,18500,5900,5900,3540,3540,0,2,0,"""암살자에 대한 정보가 없다. 일단 신중하게 접근해야 할 것 같다."""
"""[카라노스 분화대] - 지열의 심장 파괴 임무""","""분화대 깊숙이 잠든 ‘지열의 심장’을 파괴해야 한다. 실패 시 대륙 전체가 용암에 잠길 위험이 있다.""",0,0.6,1.4,0.9,1,20000,9100,9400,5230,5580,0,3,0,"""내부 온도가 극심하게 높다. 고열 내성 마법이 필요하다."""
"""[모라스 황무지] - 말라붙은 생명의 울음""","""황무지 어딘가, 죽어가는 생명의 기척이 느껴진다. 그것은 도움을 구하고 있는가, 아니면 덫인가.""",0,0.6,0.9,1.5,0.6,16700,2600,2500,1690,1500,0,1,0,"""그 소리에 귀 기울이는 자는, 무언가를 '느낄' 수 있어야 한다."""
"""[모라스 황무지] - 칼날 모래 폭풍의 진원""","""황무지를 덮친 예측불가한 모래폭풍의 중심에는, 깨어난 마도 장치가 있다고 한다.""",0,1.1,1,0.6,1.4,19300,5600,6800,3360,3480,0,2,0,"""폭풍은 멈추지 않는다. 끊임없이 이동해야 한다."""
"""[모라스 황무지] - 검게 마른 고목의 저주""","""고목에 깃든 마력은 황무지 생물체를 미쳐 날뛰게 만든다. 저주를 해제할 방법은 극히 드물지만, 반드시 저주를 해제해야 한다.""",0,0.5,1.4,1.2,0.6,18200,5400,5200,2970,2800,0,2,0,"""직접 베어 넘기기보다는, 고목이 깃든 마력을 역류시켜야 한다."""
"""[모라스 황무지] - 썩어가는 유산""","""사라진 제국의 유산이 황무지 속에서 썩어가며 광기를 퍼뜨린다. 그 유산은 불완전한 생명체다.""",0,1.2,0.8,1,0.6,21200,9000,9300,5670,5900,0,3,0,"""유산의 잔재는 약하지만, 빠르게 퍼진다. 섬세한 통제력이 필요하다."""
"""[모라스 황무지] - 이끌림 없는 묘혈""","""오래된 무덤이 저절로 열리고 있다. 시신은 사라졌고, 그 자리에 검은 구슬만 남아 있다.""",0,0.5,1.3,1.4,0.5,17700,2700,2800,1700,1700,0,1,0,"""어떤 이들은 그곳에서 들려오는 '속삭임'을 들었다고 한다."""
"""[모라스 황무지] - 모래 속 감시자의 눈""","""감시자는 움직이지 않는다. 다만, 황무지 어딘가에서 모든 것을 보고 있다. 이 감시자를 처치하라.""",0,0.6,1,1.4,1.1,20100,5800,5600,3500,3300,0,2,0,"""빠른 반사신경만으로는 피할 수 없는 공격이 있다. 공격을 예측하는 것이 중요하다."""
"""[모라스 황무지] - 무언의 사막 의식""","""모래에 새겨진 문양들이 스스로 변하고 있다. 이 의식이 끝나면 황무지는 재앙의 땅이 될것이다. 이를 막아야 한다.""",0,0.6,1.1,1.4,0.8,18700,2670,2750,1725,1500,0,1,0,"""문양의 변화는 느리지만, 파악하지 못하면 손쓸 수 없다."""
"""[모라스 황무지] - 바람이 잠든 봉인""","""봉인의 인장이 약해지며 사막의 바람이 멎었다. 정체불명의 존재가 일어나려 한다.""",0,1.3,0.5,0.7,1.2,21800,3200,3100,2100,2000,0,1,0,"""바람이 멈췄다는 것은, 곧 무언가가 발생하기 직전이라는 뜻이다."""
"""[모라스 황무지] - 말없는 화염의 전승자""","""수백 년 전 대전쟁에서 살아남은 고대 불의 전승자가 나타났다. 말은 없지만 파괴만이 남는다.""",0,0.8,1,0.6,1.5,19900,6000,5800,3900,3480,0,2,0,"""그의 기술을 막으려면, 화염보다 빠르게 움직여야 한다."""
"""[모라스 황무지] - 영겁의 메아리""","""과거의 메아리가 공간을 갈라 지금 이 순간에 충돌하고 있다. 사라진 목소리는 누구를 부르는가.""",0,0.7,1.2,1.4,0.7,17100,7800,7500,4850,4700,0,3,0,"""기억에 휘둘리지 않는 자만이 메아리 속 진실을 마주할 수 있다."""
